{
  "gizmos-infos": {
    "is2D": true,
    "is3DIcon": false,
    "iconSize": 2,
    "gridVisible": true,
    "gridColor": [
      166,
      166,
      166,
      255
    ],
    "transformToolName": "position",
    "pivot": "pivot",
    "coordinate": "local",
    "toolsVisibility3d": true
  },
  "__version__": "1.0.0",
  "builder": {
    "taskOptionsMap": {},
    "__version__": "1.3.7"
  },
  "snap-configs": {
    "position": {
      "x": 1,
      "y": 1,
      "z": 1
    },
    "rotation": 1,
    "scale": 1,
    "isPositionSnapEnabled": false,
    "isRotationSnapEnabled": false,
    "isScaleSnapEnabled": false
  },
  "rect-snap-configs": {
    "enableSnapping": true,
    "snapThreshold": 4
  },
  "float-window": {
    "position": {
      "cc": {
        "Camera": {
          "dock": false,
          "top": null,
          "bottom": 10,
          "left": null,
          "right": 10
        }
      }
    }
  },
  "camera-infos": {
    "2c811763-ed87-44e2-af64-02859b9e81ed": {
      "position": {
        "x": 384.58304629542727,
        "y": 681.7781975468947,
        "z": 5000
      },
      "rotation": {
        "x": 0,
        "y": 0,
        "z": 0,
        "w": 1
      },
      "viewCenter": {
        "x": 0,
        "y": 0,
        "z": 0
      },
      "contentRect": {
        "x": 215.57883016881559,
        "y": 542.1917713769011,
        "width": 100,
        "height": 100
      },
      "scale": 2.496661097803191
    },
    "9e97db92-0e75-4dff-a1d0-68fb50b5a6e7": {
      "position": {
        "x": 530.5589500081838,
        "y": 932.2451179424811,
        "z": 5000
      },
      "rotation": {
        "x": 0,
        "y": 0,
        "z": 0,
        "w": 1
      },
      "viewCenter": {
        "x": 0,
        "y": 0,
        "z": 0
      },
      "contentRect": {
        "x": 527.0764834676243,
        "y": 928.8105616640933,
        "width": 39.94960937499991,
        "height": 39.40000000000009
      },
      "scale": 5.735820992063301
    },
    "af169639-f333-4188-bd3c-8b85138f9206": {
      "position": {
        "x": 515.9528723069233,
        "y": 958.6145570973845,
        "z": 5000
      },
      "rotation": {
        "x": 0,
        "y": 0,
        "z": 0,
        "w": 1
      },
      "viewCenter": {
        "x": 0,
        "y": 0,
        "z": 0
      },
      "contentRect": {
        "x": 431.6663182328233,
        "y": 898.8149224026103,
        "width": 50,
        "height": 50.40000000000009
      },
      "scale": 5.735820992063244
    },
    "c77ecaa8-c936-46c4-a5b0-98692673ed87": {
      "position": {
        "x": 540,
        "y": 960.0000000000002,
        "z": 5000
      },
      "rotation": {
        "x": 0,
        "y": 0,
        "z": 0,
        "w": 1
      },
      "viewCenter": {
        "x": 0,
        "y": 0,
        "z": 0
      },
      "contentRect": {
        "x": -347.0886075949367,
        "y": 1.09312432391408,
        "width": 399.9375,
        "height": 711
      },
      "scale": 0.3703125
    },
    "b5b1f121-c63b-44a1-834a-e9d921b21e87": {
      "position": {
        "x": 887.995876261947,
        "y": 839.166815229391,
        "z": 5000
      },
      "rotation": {
        "x": 0,
        "y": 0,
        "z": 0,
        "w": 1
      },
      "viewCenter": {
        "x": 0,
        "y": 0,
        "z": 0
      },
      "contentRect": {
        "x": -501.156673337872,
        "y": -146.4093055876058,
        "width": 966.9051724137931,
        "height": 686
      },
      "scale": 0.3480197954833452
    }
  },
  "camera-uuids": [
    "2c811763-ed87-44e2-af64-02859b9e81ed",
    "9e97db92-0e75-4dff-a1d0-68fb50b5a6e7",
    "af169639-f333-4188-bd3c-8b85138f9206",
    "c77ecaa8-c936-46c4-a5b0-98692673ed87",
    "b5b1f121-c63b-44a1-834a-e9d921b21e87"
  ],
  "camera": {
    "color": [
      48,
      48,
      48,
      255
    ],
    "fov": 45,
    "far": 10000,
    "near": 0.01,
    "wheelSpeed": 0.01,
    "wanderSpeed": 10,
    "enableAcceleration": true,
    "size": "__default_design__",
    "far2D": 10000,
    "near2D": 1,
    "wheelSpeed2D": 6,
    "iso": 0,
    "aperture": 19,
    "shutter": 7
  },
  "scene_view": {
    "isSceneLightOn": true,
    "output_device": "__default_design__"
  },
  "game-view": {
    "fullScreen": true,
    "scaleValue": 34,
    "sliderValue": 13
  }
}
