{
  "gizmos-infos": {
    "is2D": true,
    "is3DIcon": false,
    "iconSize": 2,
    "gridVisible": true,
    "gridColor": [
      166,
      166,
      166,
      255
    ],
    "transformToolName": "position",
    "pivot": "pivot",
    "coordinate": "local",
    "toolsVisibility3d": true
  },
  "__version__": "1.0.0",
  "builder": {},
  "snap-configs": {
    "position": {
      "x": 1,
      "y": 1,
      "z": 1
    },
    "rotation": 1,
    "scale": 1,
    "isPositionSnapEnabled": false,
    "isRotationSnapEnabled": false,
    "isScaleSnapEnabled": false
  },
  "rect-snap-configs": {
    "enableSnapping": true,
    "snapThreshold": 4
  },
  "float-window": {
    "position": {
      "cc": {
        "Camera": {
          "dock": false,
          "top": null,
          "bottom": 10,
          "left": null,
          "right": 10
        }
      }
    }
  },
  "camera-infos": {
    "c77ecaa8-c936-46c4-a5b0-98692673ed87": {
      "position": {
        "x": 539.9999999999998,
        "y": 960,
        "z": 5000
      },
      "rotation": {
        "x": 0,
        "y": 0,
        "z": 0,
        "w": 1
      },
      "viewCenter": {
        "x": 0,
        "y": 0,
        "z": 0
      },
      "contentRect": {
        "x": -1079.3103448275863,
        "y": 0,
        "width": 385.875,
        "height": 686
      },
      "scale": 0.3572916666666667
    },
    "af169639-f333-4188-bd3c-8b85138f9206": {
      "position": {
        "x": -43.86145891561705,
        "y": 1037.7953873447157,
        "z": 5000
      },
      "rotation": {
        "x": 0,
        "y": 0,
        "z": 0,
        "w": 1
      },
      "viewCenter": {
        "x": 0,
        "y": 0,
        "z": 0
      },
      "contentRect": {
        "x": -1064.5483066239929,
        "y": 422.9131636171981,
        "width": 50,
        "height": 50.40000000000009
      },
      "scale": 0.5586435690361096
    },
    "2c811763-ed87-44e2-af64-02859b9e81ed": {
      "position": {
        "x": 384.58304629542727,
        "y": 681.7781975468947,
        "z": 5000
      },
      "rotation": {
        "x": 0,
        "y": 0,
        "z": 0,
        "w": 1
      },
      "viewCenter": {
        "x": 0,
        "y": 0,
        "z": 0
      },
      "contentRect": {
        "x": 215.57883016881559,
        "y": 542.1917713769011,
        "width": 100,
        "height": 100
      },
      "scale": 2.496661097803191
    },
    "b5b1f121-c63b-44a1-834a-e9d921b21e87": {
      "position": {
        "x": -430.76319866963786,
        "y": 1290.3524825080608,
        "z": 5000
      },
      "rotation": {
        "x": 0,
        "y": 0,
        "z": 0,
        "w": 1
      },
      "viewCenter": {
        "x": 0,
        "y": 0,
        "z": 0
      },
      "contentRect": {
        "x": -3571.3686598746485,
        "y": -1303.5821682769188,
        "width": 843.8925035360679,
        "height": 697
      },
      "scale": 0.13435188118348954
    }
  },
  "camera-uuids": [
    "c77ecaa8-c936-46c4-a5b0-98692673ed87",
    "af169639-f333-4188-bd3c-8b85138f9206",
    "2c811763-ed87-44e2-af64-02859b9e81ed",
    "b5b1f121-c63b-44a1-834a-e9d921b21e87"
  ],
  "camera": {
    "color": [
      48,
      48,
      48,
      255
    ],
    "fov": 45,
    "far": 10000,
    "near": 0.01,
    "wheelSpeed": 0.01,
    "wanderSpeed": 10,
    "enableAcceleration": true,
    "size": "__default_design__",
    "far2D": 10000,
    "near2D": 1,
    "wheelSpeed2D": 6,
    "iso": 0,
    "aperture": 19,
    "shutter": 7
  },
  "scene_view": {
    "isSceneLightOn": true,
    "output_device": "__default_design__"
  },
  "game-view": {
    "fullScreen": true,
    "scaleValue": 34,
    "sliderValue": 13
  }
}
